<?xml version="1.0" encoding="utf-8" standalone="no" ?>
<!-- 
	Usage:

	To localize the description, use the following format for the description element.
	<description>
	<text xml:lang="en">English App description goes here</text>
	<text xml:lang="fr">French App description goes here</text>
	<text xml:lang="ja">Japanese App description goes here</text>
	</description>

	To localize the name, use the following format for the name element.
	<name>
	<text xml:lang="en">English App name goes here</text>
	<text xml:lang="fr">French App name goes here</text>
	<text xml:lang="ja">Japanese App name goes here</text>
	</name>
-->
<application xmlns="http://ns.adobe.com/air/application/32.0">
  <id>PhasFaseAS3</id>
  <versionNumber>1.0</versionNumber>
  <filename>PhaseFaseAS3</filename>
  <description/>
  <name>PhaseFaseAS3</name>
  <copyright/>
  <initialWindow>
    <content>Phase_Memory_AIR_AS3.swf</content>
    <systemChrome>standard</systemChrome>
    <transparent>false</transparent>
    <visible>true</visible>
    <fullScreen>true</fullScreen>
    <aspectRatio>landscape</aspectRatio>
    <renderMode>auto</renderMode>
    <autoOrients>false</autoOrients></initialWindow>
  <icon>
    <image192x192>western/mIcon.png</image192x192>
  </icon>
  <customUpdateUI>false</customUpdateUI>
  <allowBrowserInvocation>false</allowBrowserInvocation>
  <versionLabel/>
  <android>
    <manifestAdditions><![CDATA[<manifest>
</manifest>]]></manifestAdditions>
  </android>
  <supportedLanguages>en</supportedLanguages>
</application>
